 8.33,"Wasser Energiewende"
 8.33,"Wald Energiewende"
 8.33,"Tiere Energiewende"
 8.33,"Pflanzen Energiewende"
 8.33,"Landschaftsbild Energiewende"
 8.33,"Kultur Energiewende"
 8.33,"Klima Energiewende"
 8.33, 8.33,"Flora Energiewende"
 8.33,"Fauna Energiewende"
 8.33,"Biotope Energiewende"
 8.33, 8.33,"Wasser Energiewende"
 8.33,"Wald Energiewende"
 8.33,"Tiere Energiewende"
 8.33,"Pflanzen Energiewende"
 8.33,"Landschaftsbild Energiewende"
 8.33,"Kultur Energiewende"
 8.33,"Klima Energiewende"
 8.33, 8.33,"Flora Energiewende"
 8.33,"Fauna Energiewende"
 8.33,"Biotope Energiewende"
 8.33, 8.33,"Wasser Energiewende"
 8.33,"Wald Energiewende"
 8.33,"Tiere Energiewende"
 8.33,"Pflanzen Energiewende"
 8.33,"Landschaftsbild Energiewende"
 8.33,"Kultur Energiewende"
 8.33,"Klima Energiewende"
 8.33, 8.33,"Flora Energiewende"
 8.33,"Fauna Energiewende"
 8.33,"Biotope Energiewende"
 8.33,